record_id,prob_original,prob_masked
1,0.49766406,0.4878348
1,0.4860115,0.4916411
1,0.5026251,0.48368907
1,0.49053526,0.48432213
1,0.4837657,0.48574066
1,0.4856633,0.48685843
1,0.4888966,0.47991583
1,0.47497895,0.4790265
1,0.4982393,0.5014001
1,0.48436126,0.5049277
1,0.49144137,0.48865154
1,0.4867153,0.4757058
1,0.48564956,0.4874824
1,0.48481745,0.48941955
1,0.49043545,0.49868435
1,0.48755652,0.48626524
1,0.49942577,0.48575345
1,0.47998762,0.50713205
1,0.48783967,0.4859787
1,0.50837195,0.48651192
1,0.4964162,0.48626336
1,0.47874716,0.49515143
1,0.48592833,0.48858005
1,0.48133498,0.49032497
1,0.49822563,0.4759447
1,0.4998164,0.49933448
1,0.48846626,0.48460218
1,0.49256882,0.5045403
1,0.48208645,0.4816266
1,0.48828894,0.48556563
1,0.4878858,0.50079894
1,0.49390376,0.49969143
1,0.49415633,0.47374246
1,0.4925646,0.49102858
1,0.49097094,0.49185735
1,0.49006635,0.5015174
1,0.48947194,0.49710268
1,0.48101926,0.49768114
1,0.4911887,0.48197976
1,0.49427333,0.48795488
1,0.49498346,0.48389968
1,0.48031145,0.48758778
1,0.4879158,0.49367458
1,0.4875324,0.466061
1,0.48137903,0.4985041
1,0.5026393,0.50053525
1,0.47748357,0.4886756
1,0.48988038,0.5071677
1,0.4850148,0.48846728
1,0.49370873,0.48965937
1,0.48158726,0.49071196
1,0.4803173,0.4895569
1,0.48232743,0.4784877
1,0.48923546,0.4991626
1,0.48193878,0.494209
1,0.49077043,0.5024114
1,0.49569142,0.49594316
1,0.48686364,0.4804304
1,0.4846329,0.4934166
1,0.48734322,0.48261514
1,0.47187644,0.48141935
1,0.4753751,0.4868357
1,0.4835272,0.48933977
1,0.47295502,0.49862394
1,0.48338237,0.4901114
1,0.49089605,0.47463346
1,0.48648348,0.50198376
1,0.5030017,0.48472428
1,0.50099796,0.4924824
1,0.47886348,0.48439184
1,0.4905126,0.48835394
1,0.49728528,0.4927611
1,0.49468485,0.48818004
1,0.49104372,0.4834701
1,0.4887435,0.48796922
1,0.4970916,0.49484545
1,0.47498518,0.48681706
1,0.50577575,0.4843633
1,0.48810375,0.48687604
1,0.49619958,0.4948319
1,0.48827398,0.49299172
1,0.4868491,0.4944054
1,0.48477167,0.4895636
1,0.48488608,0.4893178
1,0.499903,0.4914346
1,0.4848271,0.49785528
1,0.47875455,0.49304026
1,0.49720925,0.48609847
1,0.4906913,0.48742947
1,0.49524835,0.47867635
1,0.49172702,0.4903913
1,0.489,0.47525933
1,0.48007494,0.48479137
1,0.50004655,0.49165523
1,0.48628002,0.48588133
1,0.47589037,0.48652104
1,0.49734792,0.48391372
1,0.49949378,0.48982874
1,0.4987409,0.4839407
1,0.48011535,0.48643935
2,0.48521498,0.4914015
2,0.49023336,0.49611357
2,0.49258834,0.49286085
2,0.49103856,0.4824836
2,0.4827424,0.48703912
2,0.49068713,0.4875533
2,0.48539662,0.49688834
2,0.4813054,0.4854372
2,0.47728732,0.4885258
2,0.50126696,0.48821792
2,0.48358947,0.50295544
2,0.47564268,0.4853172
2,0.4905428,0.49401587
2,0.49877992,0.48728594
2,0.5094474,0.47928315
2,0.499505,0.49653336
2,0.49745345,0.4883366
2,0.50530833,0.48856944
2,0.50825596,0.49572054
2,0.47471192,0.4986198
2,0.47838667,0.488983
2,0.49252236,0.48288053
2,0.4993558,0.48886597
2,0.48316842,0.49682936
2,0.49091926,0.4897046
2,0.500267,0.50409514
2,0.49734396,0.4848011
2,0.48751056,0.48655564
2,0.48394376,0.49902317
2,0.49921265,0.48006698
2,0.48412713,0.49844804
2,0.49482405,0.4939572
2,0.4798785,0.49437138
2,0.49552074,0.50382894
2,0.48241022,0.49631816
2,0.5026197,0.492754
2,0.48095965,0.4889445
2,0.48593304,0.48875287
2,0.48320046,0.49519864
2,0.48421207,0.4948582
2,0.491387,0.4919861
2,0.48485887,0.48477742
2,0.49547404,0.4875109
2,0.4782792,0.49341792
2,0.50193244,0.48362428
2,0.5015771,0.4928799
2,0.4865771,0.48105684
2,0.4822569,0.48560488
2,0.49168447,0.49262655
2,0.48532027,0.49204004
2,0.48468217,0.49401727
2,0.4895235,0.48884362
2,0.49781436,0.48690444
2,0.48731616,0.49394333
2,0.48609677,0.49902955
2,0.479269,0.49801788
2,0.48553634,0.4919086
2,0.48246354,0.49877682
2,0.49646622,0.4924178
2,0.48637658,0.49038342
2,0.48596734,0.49884808
2,0.49205494,0.5001368
2,0.48950624,0.48783916
2,0.49268523,0.49305302
2,0.5001028,0.4901463
2,0.48923904,0.49084783
2,0.48978624,0.4933635
2,0.48817027,0.47337416
2,0.4991565,0.49750945
2,0.4879734,0.48130387
2,0.48768023,0.4848706
2,0.4980888,0.49675933
2,0.4987202,0.48984635
2,0.49160242,0.49690512
2,0.47157446,0.4955074
2,0.4809627,0.47466102
2,0.48621342,0.48730907
2,0.47979754,0.4867725
2,0.48009515,0.5001799
2,0.50717145,0.4806178
2,0.48548073,0.48131987
2,0.49556768,0.48454252
2,0.49446115,0.48329794
2,0.50916237,0.48661914
2,0.4791986,0.48930773
2,0.49289453,0.5038689
2,0.46909946,0.49918938
2,0.48820376,0.494458
2,0.4903966,0.48959345
2,0.4830785,0.49333122
2,0.48579544,0.4885426
2,0.4858081,0.4898319
2,0.48385155,0.48496675
2,0.48993257,0.48313308
2,0.50405,0.4793784
2,0.47993058,0.4857444
2,0.4946408,0.5040774
2,0.49903,0.47906736
2,0.48935497,0.48832926
2,0.4939548,0.48773432
3,0.4849713,0.49038506
3,0.4861693,0.474683
3,0.48269573,0.49420458
3,0.48272604,0.4952931
3,0.49385723,0.51295674
3,0.4920376,0.4926056
3,0.489247,0.4977474
3,0.48940596,0.4857888
3,0.4787192,0.48519337
3,0.4823681,0.49701548
3,0.49598816,0.48968288
3,0.49206272,0.48694316
3,0.49112064,0.4869776
3,0.49529156,0.49393487
3,0.49303952,0.49131644
3,0.4882342,0.49258736
3,0.4990428,0.48993787
3,0.49571365,0.48135805
3,0.48146865,0.49175304
3,0.48479918,0.48978677
3,0.49999973,0.495016
3,0.48836142,0.4922749
3,0.49694386,0.49283677
3,0.497672,0.49384063
3,0.48426276,0.4935802
3,0.49097008,0.4821968
3,0.48130423,0.49540442
3,0.49075672,0.47888675
3,0.48210818,0.49918288
3,0.49863636,0.48564127
3,0.49536508,0.48781437
3,0.48979178,0.49750042
3,0.51036996,0.49113563
3,0.48754537,0.49770266
3,0.48314193,0.48327348
3,0.48894036,0.48061776
3,0.48666528,0.47761053
3,0.4813076,0.49381602
3,0.48336202,0.4849674
3,0.4995444,0.50807273
3,0.4746441,0.48721406
3,0.47760993,0.48816934
3,0.48840004,0.47889143
3,0.50044626,0.49179655
3,0.49452394,0.4876423
3,0.48567033,0.48888996
3,0.48432025,0.48678014
3,0.48753345,0.49659827
3,0.4771271,0.48288175
3,0.48636746,0.5022274
3,0.49939907,0.49168658
3,0.50121593,0.49572498
3,0.4959918,0.4920095
3,0.48287573,0.4880776
3,0.48418778,0.48506808
3,0.48931074,0.4955366
3,0.4839097,0.47731492
3,0.49343634,0.47830513
3,0.5067489,0.49003187
3,0.49567023,0.48821753
3,0.49375933,0.49821264
3,0.4964056,0.4958817
3,0.49722758,0.4927232
3,0.4831023,0.48406366
3,0.48968253,0.50467813
3,0.4920193,0.50324297
3,0.47348177,0.4794666
3,0.4873911,0.4835728
3,0.48408693,0.48909575
3,0.48705712,0.48627517
3,0.48649088,0.47584695
3,0.48772156,0.5066458
3,0.48946667,0.49045914
3,0.49762318,0.47550288
3,0.49657062,0.46869314
3,0.4967672,0.48795816
3,0.4826417,0.48688856
3,0.48888707,0.4809745
3,0.4988963,0.49007225
3,0.48696977,0.48523325
3,0.48325703,0.4926187
3,0.47982594,0.48917383
3,0.49099466,0.47744167
3,0.48957428,0.4897233
3,0.48871285,0.48169628
3,0.49448308,0.5015798
3,0.49349934,0.49388108
3,0.4855327,0.49378037
3,0.47959623,0.49178356
3,0.4994532,0.4842946
3,0.49579445,0.49516213
3,0.48569635,0.49979833
3,0.4918203,0.5109803
3,0.4791351,0.49306747
3,0.47527188,0.49426177
3,0.49766883,0.48266602
3,0.48896626,0.48950288
3,0.5044245,0.4918585
3,0.48245206,0.483205
3,0.49480084,0.49534023
4,0.48238876,0.48505515
4,0.49382776,0.49674842
4,0.49803126,0.4925956
4,0.4835634,0.48889303
4,0.48639816,0.4958986
4,0.48559964,0.4875829
4,0.48089987,0.48760146
4,0.4964965,0.48940578
4,0.5004457,0.4758185
4,0.48424155,0.49472263
4,0.48735306,0.49072322
4,0.49480212,0.4915825
4,0.47088814,0.4826925
4,0.48467782,0.493126
4,0.499396,0.4875194
4,0.48118764,0.49652654
4,0.4901796,0.48443007
4,0.49399835,0.5053197
4,0.47758746,0.48151213
4,0.492233,0.5028858
4,0.47795618,0.48898304
4,0.49958125,0.4953286
4,0.47520307,0.49764168
4,0.49461755,0.47818264
4,0.4919355,0.48520663
4,0.49180353,0.48941308
4,0.48338264,0.49022087
4,0.5056183,0.49844608
4,0.5016247,0.504214
4,0.498968,0.48789382
4,0.50291157,0.4828661
4,0.4878203,0.48429438
4,0.5000067,0.4860017
4,0.47516346,0.5054212
4,0.49422863,0.501247
4,0.4932181,0.48741925
4,0.4744159,0.49109817
4,0.49347883,0.49192154
4,0.48807687,0.49417177
4,0.49934158,0.49268788
4,0.48207104,0.49189037
4,0.49581668,0.4887211
4,0.49765766,0.4803897
4,0.50349075,0.49032238
4,0.48597157,0.5018681
4,0.4831995,0.4925313
4,0.49100074,0.48687944
4,0.49648732,0.47901815
4,0.4964376,0.47119984
4,0.49176744,0.50066537
4,0.50501126,0.4746917
4,0.4853962,0.49773574
4,0.5060184,0.5019407
4,0.48733318,0.48994842
4,0.47928196,0.48459277
4,0.48189265,0.49950048
4,0.48639837,0.48591736
4,0.4883922,0.487258
4,0.50652534,0.4907376
4,0.5037309,0.5019077
4,0.48301512,0.49572667
4,0.483887,0.48959088
4,0.48854703,0.5017914
4,0.4959943,0.49666417
4,0.47415805,0.49804732
4,0.49328727,0.5010166
4,0.49543878,0.49273396
4,0.48772717,0.5135194
4,0.49294522,0.48358724
4,0.49297744,0.49360165
4,0.49256852,0.49576017
4,0.4905145,0.4982136
4,0.4905992,0.48361653
4,0.48806396,0.49264327
4,0.48149997,0.48304665
4,0.4854657,0.5040453
4,0.49335617,0.51370656
4,0.49438933,0.48654068
4,0.4838448,0.49949577
4,0.49673897,0.5008084
4,0.48979697,0.47933495
4,0.49406323,0.504708
4,0.4800931,0.49946558
4,0.4882419,0.5000751
4,0.5066576,0.48976153
4,0.49058527,0.4925087
4,0.49035355,0.48389864
4,0.48566723,0.49123093
4,0.47998822,0.48600054
4,0.46833315,0.5004043
4,0.4936976,0.4891762
4,0.49257573,0.4888724
4,0.48535782,0.4836179
4,0.4883923,0.48033503
4,0.4802852,0.49418622
4,0.48274395,0.4995937
4,0.48596022,0.47212505
4,0.49445796,0.5038781
4,0.48541892,0.4869588
4,0.48463187,0.49345675
5,0.48544163,0.4877703
5,0.48219293,0.48186308
5,0.48893285,0.48849398
5,0.4902956,0.49337482
5,0.48705167,0.49100477
5,0.49258852,0.50320655
5,0.48296133,0.48517236
5,0.49056515,0.48424712
5,0.5029291,0.48583743
5,0.5119027,0.50600374
5,0.49944636,0.49383354
5,0.49777865,0.48250264
5,0.4910303,0.48512933
5,0.47691867,0.48053744
5,0.4847789,0.49726304
5,0.48440608,0.48447898
5,0.4887634,0.4872794
5,0.48719633,0.49749547
5,0.49527618,0.49094138
5,0.48733303,0.4866712
5,0.48176616,0.48873308
5,0.49750093,0.49642426
5,0.4842894,0.49436602
5,0.50284266,0.4915808
5,0.4910501,0.47735363
5,0.49286896,0.48734468
5,0.4876072,0.4823998
5,0.47945404,0.49209672
5,0.48230922,0.49847236
5,0.48870248,0.4957755
5,0.48610952,0.49341637
5,0.50518495,0.5023041
5,0.484627,0.49113342
5,0.49871176,0.49876007
5,0.48047814,0.4914451
5,0.49709022,0.48567167
5,0.4786324,0.50343335
5,0.48349464,0.4817992
5,0.4896722,0.48857966
5,0.4813866,0.48727527
5,0.49619994,0.48822054
5,0.49506572,0.48294508
5,0.4854747,0.49877933
5,0.4786218,0.47974473
5,0.49811453,0.49271423
5,0.48274568,0.5014209
5,0.4990716,0.49395835
5,0.48630548,0.48636454
5,0.4895885,0.48013675
5,0.49420533,0.4811375
5,0.49572447,0.48216423
5,0.49762273,0.48589846
5,0.51214606,0.48753667
5,0.49656358,0.47405127
5,0.47872734,0.4962868
5,0.48906645,0.50706035
5,0.5028193,0.48916712
5,0.5015917,0.4974749
5,0.4875724,0.49271291
5,0.47573647,0.47800067
5,0.5003517,0.4860027
5,0.4812996,0.49673337
5,0.49323604,0.48422435
5,0.50397146,0.50281
5,0.4949555,0.49669978
5,0.48784232,0.5009501
5,0.48440123,0.48833722
5,0.4890898,0.4945437
5,0.51058763,0.5012228
5,0.49122152,0.4999682
5,0.49239713,0.4836388
5,0.49758238,0.49938387
5,0.5031843,0.48835516
5,0.4869655,0.50407034
5,0.48831263,0.4880407
5,0.50072587,0.481497
5,0.48854628,0.49394265
5,0.5028337,0.49891362
5,0.50600076,0.48118347
5,0.49102572,0.49184355
5,0.4823311,0.49113664
5,0.5036562,0.47543612
5,0.48621252,0.49547523
5,0.48248246,0.4871303
5,0.49926195,0.4830183
5,0.48111007,0.4803801
5,0.49205723,0.49098995
5,0.49306542,0.5008143
5,0.48086178,0.4817705
5,0.48304093,0.5066014
5,0.49157906,0.49672818
5,0.48453745,0.48933294
5,0.4898523,0.49487147
5,0.505015,0.48728284
5,0.49613592,0.5047412
5,0.49381387,0.50319177
5,0.48637697,0.49048552
5,0.49375194,0.4949261
5,0.4904688,0.48592198
5,0.49581274,0.49365395
6,0.49396065,0.49139383
6,0.4917554,0.49199975
6,0.49176106,0.49097452
6,0.5023029,0.48674062
6,0.4883837,0.50025064
6,0.48523474,0.492076
6,0.5085821,0.47915772
6,0.49359518,0.49454075
6,0.50090444,0.5014593
6,0.50192964,0.48286107
6,0.49205315,0.49231368
6,0.49968094,0.4823872
6,0.48704955,0.50867563
6,0.48567,0.49249306
6,0.50957936,0.48162732
6,0.50319964,0.48979172
6,0.49602914,0.49514455
6,0.48618874,0.48876083
6,0.4843169,0.48811144
6,0.49028417,0.4901212
6,0.50482816,0.49532443
6,0.48863047,0.486712
6,0.5064726,0.4766789
6,0.4994152,0.5003307
6,0.5139776,0.47997996
6,0.48352128,0.49141282
6,0.48873,0.4858537
6,0.48275822,0.49145964
6,0.49172732,0.48275048
6,0.4816132,0.48640412
6,0.49839264,0.4914101
6,0.4807293,0.4972346
6,0.49521834,0.48664808
6,0.4951001,0.4902537
6,0.49313715,0.4881603
6,0.48436555,0.49979076
6,0.47375306,0.48885575
6,0.5053292,0.487834
6,0.47644836,0.49931335
6,0.4898434,0.49670228
6,0.4936608,0.48435947
6,0.4815543,0.4778731
6,0.48632655,0.48888674
6,0.48388907,0.48249507
6,0.49932045,0.48610693
6,0.4866949,0.49066976
6,0.4926865,0.48547426
6,0.5020819,0.4905113
6,0.48829925,0.4940762
6,0.4950459,0.4857408
6,0.49240184,0.49879664
6,0.5032908,0.5018598
6,0.4913032,0.4892403
6,0.50382125,0.4859767
6,0.47275695,0.4887007
6,0.4990739,0.48030782
6,0.48323503,0.48231548
6,0.48769423,0.48609927
6,0.5040095,0.48928112
6,0.48544398,0.49202508
6,0.49167198,0.4997669
6,0.49860734,0.48264173
6,0.48567894,0.47732043
6,0.4947731,0.4787662
6,0.49665445,0.5046325
6,0.4810041,0.4818723
6,0.48904446,0.48703137
6,0.48815477,0.51301044
6,0.49519897,0.4856157
6,0.47740275,0.49685135
6,0.4840225,0.48115456
6,0.48489904,0.4940593
6,0.5074482,0.4979161
6,0.49312013,0.49408796
6,0.50324816,0.48528188
6,0.4911383,0.4886733
6,0.49498564,0.49032113
6,0.48368713,0.48798084
6,0.49879533,0.49496654
6,0.4794948,0.49128544
6,0.4982302,0.48713583
6,0.48616713,0.49517876
6,0.48295328,0.47733468
6,0.4886062,0.48799056
6,0.49518403,0.49185595
6,0.5051662,0.49417317
6,0.48991507,0.49337757
6,0.48367357,0.5034113
6,0.4844833,0.50189614
6,0.47748283,0.49430716
6,0.4995897,0.5006072
6,0.480931,0.4891046
6,0.49208066,0.4943686
6,0.48149958,0.49559623
6,0.49323428,0.4941257
6,0.5075796,0.4854516
6,0.48668912,0.48475984
6,0.47451708,0.49890417
6,0.5023272,0.5011858
6,0.4731292,0.4927825
7,0.4823809,0.49398348
7,0.48416218,0.50107265
7,0.48643008,0.47211656
7,0.49204782,0.48686033
7,0.5071921,0.49196646
7,0.48406672,0.4910339
7,0.49019423,0.4909317
7,0.48391584,0.49472204
7,0.48605958,0.50083995
7,0.50090307,0.493268
7,0.4892915,0.49759296
7,0.48687866,0.4806479
7,0.48172998,0.4932091
7,0.48331335,0.4825108
7,0.49006584,0.48815212
7,0.48915794,0.49232364
7,0.48590326,0.48262593
7,0.5057427,0.48974347
7,0.4913638,0.4944115
7,0.49668106,0.49599028
7,0.49731168,0.49199313
7,0.48727018,0.49519214
7,0.4913932,0.4998402
7,0.4869192,0.4971323
7,0.49576962,0.48466069
7,0.49520215,0.49417213
7,0.5020893,0.49755624
7,0.4859519,0.4874836
7,0.5028515,0.4979549
7,0.4941783,0.49014133
7,0.49548906,0.4909763
7,0.4890063,0.48762065
7,0.49352178,0.49428374
7,0.49468133,0.49394605
7,0.4937439,0.48584488
7,0.4822523,0.49807987
7,0.49070275,0.5041759
7,0.4892786,0.47382316
7,0.47909114,0.49340215
7,0.4966054,0.48904836
7,0.49852225,0.4801157
7,0.49690592,0.49084857
7,0.49470726,0.5093686
7,0.49590555,0.50019765
7,0.49019518,0.48677284
7,0.49536893,0.4911128
7,0.48968405,0.49440292
7,0.49944556,0.48094818
7,0.49377638,0.49798986
7,0.48856962,0.50727904
7,0.49088335,0.48055115
7,0.49942183,0.48876965
7,0.4905775,0.50262916
7,0.49813113,0.48827457
7,0.49600983,0.50299567
7,0.49209744,0.47571385
7,0.4931761,0.4932286
7,0.4778505,0.48474294
7,0.4790941,0.49397677
7,0.48071334,0.5070632
7,0.4867465,0.4890945
7,0.48832312,0.48607972
7,0.48731324,0.4918961
7,0.4873592,0.48358402
7,0.48376563,0.4968814
7,0.4968919,0.48573464
7,0.5070426,0.49433267
7,0.49619955,0.5010936
7,0.49305597,0.48667443
7,0.49586684,0.49633658
7,0.48974368,0.5030303
7,0.48904768,0.49283376
7,0.4948411,0.50020725
7,0.49680376,0.50155944
7,0.49372056,0.49103063
7,0.49045414,0.49697918
7,0.5042269,0.4922032
7,0.48645768,0.48655292
7,0.49291685,0.48788205
7,0.48073846,0.49030435
7,0.4847206,0.48327848
7,0.47690505,0.49520832
7,0.4908877,0.48739582
7,0.48781267,0.50427777
7,0.4912787,0.49781892
7,0.48508605,0.4992079
7,0.49277115,0.50174534
7,0.49792928,0.4968766
7,0.49799895,0.49765608
7,0.4882788,0.4990049
7,0.48976347,0.49987626
7,0.4731368,0.4838539
7,0.4924755,0.48689437
7,0.49729759,0.488735
7,0.49455568,0.48556966
7,0.485439,0.49188802
7,0.47932705,0.4869954
7,0.48856142,0.48933032
7,0.4870249,0.502812
7,0.4887947,0.48991165
8,0.48569757,0.49861306
8,0.48774967,0.48239696
8,0.47682577,0.50190204
8,0.49082863,0.48714307
8,0.48799312,0.5009742
8,0.49477857,0.49317864
8,0.49445903,0.47499847
8,0.48727033,0.50005716
8,0.4890341,0.49958685
8,0.49311212,0.49367443
8,0.47289172,0.48459485
8,0.489668,0.49305892
8,0.4843747,0.48941317
8,0.49165592,0.5106825
8,0.4966769,0.489459
8,0.48521626,0.5079466
8,0.49389896,0.48838192
8,0.489201,0.4924653
8,0.48761454,0.49285707
8,0.4975759,0.49564818
8,0.5035508,0.49526727
8,0.49244922,0.48608845
8,0.4912483,0.49916598
8,0.48705676,0.49053186
8,0.49107948,0.49023962
8,0.4845183,0.5000268
8,0.48517025,0.48303315
8,0.49636477,0.49216077
8,0.49884483,0.49246952
8,0.4918511,0.4850808
8,0.48918024,0.49214643
8,0.4904663,0.48809084
8,0.49311578,0.49599737
8,0.48571476,0.48887563
8,0.49850416,0.48099896
8,0.4801559,0.50601804
8,0.4860699,0.48392013
8,0.4826653,0.49348095
8,0.48788428,0.48173872
8,0.4798738,0.49577567
8,0.5036787,0.49322513
8,0.5103236,0.47705108
8,0.4883327,0.48609158
8,0.48545787,0.48833203
8,0.48412496,0.4704904
8,0.47731698,0.48393443
8,0.4877444,0.47752792
8,0.49498463,0.48285028
8,0.49606696,0.50139815
8,0.49163583,0.48977846
8,0.48226076,0.49922937
8,0.4890153,0.47950447
8,0.47645488,0.48438606
8,0.48865688,0.48422742
8,0.48864236,0.48877686
8,0.48764125,0.48484105
8,0.49846184,0.49865308
8,0.4906971,0.48797002
8,0.5007571,0.48968875
8,0.4900907,0.49282813
8,0.5024713,0.48343757
8,0.48401088,0.48965058
8,0.49397048,0.4953938
8,0.49015805,0.4853021
8,0.4869614,0.49395147
8,0.4966391,0.48608348
8,0.5040423,0.48512286
8,0.49506173,0.4943826
8,0.49241772,0.49098113
8,0.5022115,0.50342584
8,0.4948435,0.49248138
8,0.49206674,0.49489394
8,0.4841651,0.49810696
8,0.48125243,0.49223933
8,0.487171,0.48108655
8,0.4907845,0.49045128
8,0.5050929,0.48328584
8,0.48691013,0.48576936
8,0.49154237,0.4892545
8,0.47691375,0.4999212
8,0.48435757,0.4875762
8,0.49887678,0.5031127
8,0.48859623,0.4967525
8,0.48299116,0.48849595
8,0.4834014,0.50573504
8,0.5028948,0.49256772
8,0.49744663,0.48531014
8,0.48480934,0.4889036
8,0.4824971,0.4883949
8,0.49841908,0.49258906
8,0.4788369,0.48857978
8,0.47318062,0.4898301
8,0.49534455,0.51445496
8,0.4889144,0.49400023
8,0.48993382,0.50091946
8,0.4901665,0.49058098
8,0.4868657,0.4824841
8,0.48870286,0.47980064
8,0.49905756,0.49208266
8,0.4801859,0.50587845
9,0.5015876,0.49148285
9,0.50221837,0.48237142
9,0.48466352,0.495766
9,0.5130032,0.48383042
9,0.49226648,0.5034311
9,0.5005903,0.49993473
9,0.49748385,0.4874447
9,0.47798166,0.48338085
9,0.4967358,0.4970679
9,0.48793116,0.47692364
9,0.48534614,0.48566714
9,0.4861422,0.47785932
9,0.48631462,0.47647133
9,0.48434237,0.47701606
9,0.473351,0.48890075
9,0.48925188,0.48714393
9,0.50946575,0.49088177
9,0.50609845,0.4829296
9,0.4781503,0.49682072
9,0.4869532,0.48938197
9,0.49582773,0.49088132
9,0.48470944,0.48931524
9,0.49075037,0.48934424
9,0.49156514,0.5127325
9,0.4739346,0.48332575
9,0.50983703,0.48454222
9,0.5000686,0.48424307
9,0.4990117,0.50188917
9,0.47985065,0.49152622
9,0.486765,0.48175338
9,0.49731058,0.4796714
9,0.4875081,0.49084187
9,0.4942219,0.50361603
9,0.49901086,0.4891461
9,0.5012927,0.48874038
9,0.49025288,0.49376383
9,0.47853905,0.48755866
9,0.47766554,0.4968439
9,0.49998504,0.48971272
9,0.50148445,0.49645978
9,0.49697343,0.48419434
9,0.49016845,0.49891874
9,0.48003146,0.49128157
9,0.47549662,0.50083077
9,0.5023001,0.5033495
9,0.48939186,0.49684545
9,0.48336083,0.49851853
9,0.48539618,0.4851121
9,0.4930511,0.49403265
9,0.4946167,0.48935997
9,0.48776034,0.48184547
9,0.49499553,0.47112098
9,0.49827313,0.48751667
9,0.4823293,0.4975037
9,0.49081385,0.4833034
9,0.48499885,0.50790215
9,0.4879142,0.49341565
9,0.49039525,0.49611583
9,0.4920587,0.4914232
9,0.48771036,0.48411798
9,0.50179,0.506805
9,0.48960456,0.49702054
9,0.48688686,0.49901098
9,0.48741138,0.50073874
9,0.49205244,0.49683058
9,0.4973989,0.49148294
9,0.48676404,0.4997084
9,0.4927712,0.4932525
9,0.501303,0.4926715
9,0.4954404,0.48887077
9,0.4952329,0.50021994
9,0.49251762,0.47958767
9,0.4859957,0.50454944
9,0.50008,0.49148896
9,0.4886705,0.4944392
9,0.48941258,0.4912045
9,0.48302135,0.4955345
9,0.4869108,0.48830375
9,0.50021935,0.4915244
9,0.49504519,0.51090735
9,0.4873122,0.49667215
9,0.50041986,0.50106776
9,0.4915703,0.48823318
9,0.48264512,0.49524516
9,0.4951347,0.48906305
9,0.48782098,0.48929435
9,0.50282896,0.50243485
9,0.49507257,0.49612838
9,0.49787474,0.48756692
9,0.49064004,0.49294758
9,0.49573204,0.49528292
9,0.486506,0.4795475
9,0.48336658,0.5025977
9,0.4923423,0.48413584
9,0.48880002,0.49317977
9,0.48281103,0.4956599
9,0.49803248,0.49713108
9,0.48462567,0.4822454
9,0.47359964,0.48776612
9,0.4733296,0.4920454
10,0.49237505,0.49964917
10,0.5043934,0.48562983
10,0.50963044,0.48244724
10,0.49610728,0.4818742
10,0.49515945,0.49313742
10,0.48274484,0.49818558
10,0.4931853,0.49237025
10,0.50357705,0.46928722
10,0.47867298,0.4888835
10,0.49252382,0.49025285
10,0.5080317,0.48718193
10,0.47952428,0.4998308
10,0.48597267,0.48678702
10,0.49614245,0.47509527
10,0.50346744,0.49528977
10,0.4932581,0.5023085
10,0.50745136,0.49980474
10,0.4864557,0.49349168
10,0.50993454,0.5069791
10,0.49677375,0.48486385
10,0.48525363,0.47715953
10,0.48869827,0.5011099
10,0.4844504,0.48114654
10,0.4988158,0.4746158
10,0.49270147,0.4893542
10,0.49027425,0.49267212
10,0.4841317,0.48644426
10,0.49420726,0.48961014
10,0.5029486,0.49361908
10,0.48832387,0.5004927
10,0.48679602,0.4897617
10,0.48170882,0.48482707
10,0.49075407,0.5014691
10,0.49031028,0.48920348
10,0.49731988,0.5024821
10,0.49498716,0.4799932
10,0.4888524,0.4981201
10,0.49570253,0.48084813
10,0.48344746,0.4838267
10,0.488282,0.48153114
10,0.48599926,0.49626163
10,0.48617962,0.48267907
10,0.48399824,0.4884349
10,0.4854317,0.4865518
10,0.5109735,0.49141258
10,0.49478498,0.50087196
10,0.4984525,0.49497324
10,0.4921932,0.4815675
10,0.4889205,0.4893117
10,0.48589128,0.49817666
10,0.49534193,0.49906313
10,0.48112103,0.4882225
10,0.49417803,0.49991903
10,0.50348806,0.48782578
10,0.4885172,0.48799348
10,0.49490917,0.49352348
10,0.48368073,0.48553225
10,0.48937744,0.48586097
10,0.49970368,0.48276937
10,0.4831582,0.49370047
10,0.506802,0.48588127
10,0.49276307,0.4770926
10,0.4855426,0.48495907
10,0.4968429,0.48790494
10,0.48578423,0.4811753
10,0.49597293,0.49780786
10,0.47890145,0.49367446
10,0.48111722,0.48676574
10,0.4946792,0.48335916
10,0.49591824,0.49824798
10,0.4810412,0.49406952
10,0.48454005,0.49393687
10,0.4843493,0.49243805
10,0.47910127,0.4840219
10,0.49338636,0.4751921
10,0.49178952,0.49819875
10,0.49978557,0.48218945
10,0.48186824,0.4980208
10,0.497198,0.4901903
10,0.49537304,0.47428787
10,0.4908826,0.48361853
10,0.4835451,0.49772358
10,0.49810168,0.47272748
10,0.4872625,0.4850757
10,0.5059852,0.4941299
10,0.4991476,0.48898977
10,0.4902009,0.4885434
10,0.4965845,0.487526
10,0.4947006,0.48905772
10,0.4904793,0.49444315
10,0.4892997,0.49500415
10,0.49096274,0.4859422
10,0.4873996,0.4802161
10,0.49986425,0.49645403
10,0.4950296,0.49413022
10,0.4903438,0.5032628
10,0.48960915,0.48575726
10,0.48103034,0.47174725
10,0.4778522,0.4948711
10,0.4845985,0.48880354
11,0.4956272,0.48878944
11,0.4942431,0.48445413
11,0.49444687,0.48082983
11,0.49463597,0.48256427
11,0.48600602,0.48704475
11,0.47360933,0.48664588
11,0.4992722,0.50021595
11,0.46824434,0.4804605
11,0.49272424,0.4884487
11,0.49673286,0.500867
11,0.49219826,0.48803678
11,0.49071202,0.49826977
11,0.47373474,0.4820178
11,0.50337607,0.48239836
11,0.4952532,0.48988813
11,0.4842181,0.48532322
11,0.4882496,0.50537705
11,0.46700123,0.4783614
11,0.48811385,0.48922876
11,0.4962944,0.47169662
11,0.496591,0.49206546
11,0.49298814,0.49417314
11,0.48976523,0.50193006
11,0.50012064,0.49383858
11,0.49108163,0.49634078
11,0.49637827,0.48230964
11,0.48868147,0.4807722
11,0.4976797,0.47432044
11,0.49756756,0.4835469
11,0.49285114,0.49774107
11,0.50054896,0.49140128
11,0.4778022,0.48432526
11,0.5054746,0.49175408
11,0.48451397,0.4878295
11,0.49588296,0.50612247
11,0.49877417,0.47980273
11,0.48852187,0.5045743
11,0.503877,0.49117732
11,0.48763767,0.48929137
11,0.49606308,0.47720143
11,0.48843184,0.48836303
11,0.48600838,0.4899315
11,0.5036456,0.50289476
11,0.49016726,0.49319142
11,0.4891708,0.5018048
11,0.48373514,0.48798525
11,0.4869805,0.5049288
11,0.49655837,0.485669
11,0.49344218,0.5016303
11,0.47796357,0.5047923
11,0.48905087,0.49931294
11,0.48475933,0.49828455
11,0.49382815,0.48725307
11,0.49130613,0.4864917
11,0.49635223,0.47511014
11,0.4956821,0.49508935
11,0.4926092,0.48221982
11,0.49387538,0.48889714
11,0.49868536,0.4835743
11,0.49129122,0.49150595
11,0.49718764,0.50214726
11,0.48348093,0.4806288
11,0.51204395,0.49928313
11,0.48140517,0.48881516
11,0.4886924,0.49881387
11,0.48897645,0.48914257
11,0.49117675,0.48478916
11,0.49999282,0.46633762
11,0.49140087,0.48657513
11,0.49313733,0.49222073
11,0.47964862,0.4900182
11,0.4789582,0.49427634
11,0.49562854,0.48520467
11,0.48261723,0.49683988
11,0.47982028,0.48511612
11,0.487261,0.5082
11,0.5012351,0.49593624
11,0.4875422,0.4871725
11,0.47414395,0.4764892
11,0.49184963,0.4753497
11,0.50358933,0.48174194
11,0.4895789,0.4899193
11,0.4984225,0.4979041
11,0.48261094,0.48830733
11,0.48703262,0.5024557
11,0.4777088,0.50381315
11,0.4953028,0.48735997
11,0.48817772,0.50074816
11,0.48396987,0.49576753
11,0.49597496,0.50536036
11,0.48036063,0.49480414
11,0.49634227,0.48962557
11,0.49464363,0.485512
11,0.4923345,0.49040586
11,0.49980626,0.49090132
11,0.5005326,0.48452455
11,0.47849488,0.4892577
11,0.5048594,0.5036707
11,0.48559698,0.4877952
11,0.48855615,0.4899253
12,0.49261314,0.48173016
12,0.49458888,0.4979987
12,0.4863899,0.4883014
12,0.48918858,0.49936232
12,0.48491168,0.49570277
12,0.49747983,0.49377257
12,0.48263684,0.4845085
12,0.47805274,0.47480837
12,0.4803297,0.49783996
12,0.49836424,0.47968262
12,0.48444858,0.48662293
12,0.4849589,0.5009464
12,0.48498097,0.48705974
12,0.48587537,0.49604973
12,0.47886553,0.4967643
12,0.49858487,0.4896102
12,0.49984246,0.47590834
12,0.50166625,0.49203172
12,0.48079175,0.4910308
12,0.50299424,0.49124542
12,0.4969615,0.4989688
12,0.48816854,0.502178
12,0.4826614,0.48553374
12,0.48902962,0.48375314
12,0.4887979,0.4984627
12,0.49742106,0.48405534
12,0.50726986,0.48421076
12,0.49048182,0.48002508
12,0.48882565,0.47800186
12,0.4956387,0.49622974
12,0.48472583,0.48018292
12,0.49404544,0.48299736
12,0.48916298,0.49573657
12,0.48397857,0.48336127
12,0.4849898,0.48503366
12,0.49775848,0.48216066
12,0.4880466,0.4938042
12,0.48929995,0.4977337
12,0.4945525,0.49777696
12,0.48627576,0.48474333
12,0.49796826,0.47956383
12,0.48270822,0.5048357
12,0.48366228,0.48762822
12,0.49084273,0.4794625
12,0.49323645,0.48291352
12,0.4952823,0.47716796
12,0.4875214,0.49389842
12,0.48013735,0.4933939
12,0.48912477,0.48880497
12,0.49369663,0.5006089
12,0.50036144,0.5000669
12,0.4855094,0.49692902
12,0.4862395,0.4873503
12,0.48522425,0.49344385
12,0.49651027,0.48135555
12,0.49790362,0.50251853
12,0.49400836,0.47602302
12,0.49634063,0.48714402
12,0.48661238,0.49894834
12,0.488718,0.50350404
12,0.4844382,0.48847634
12,0.48721975,0.4943372
12,0.49323314,0.49300078
12,0.47906175,0.494336
12,0.49772492,0.48698026
12,0.48988777,0.48889804
12,0.48270264,0.49882805
12,0.48922095,0.48812205
12,0.49412146,0.5012151
12,0.4904722,0.49171162
12,0.48969176,0.48519272
12,0.49493316,0.5014142
12,0.49094453,0.48682463
12,0.4933724,0.48238146
12,0.48240358,0.4969184
12,0.4957754,0.48644215
12,0.48632926,0.47813344
12,0.49300003,0.4791786
12,0.4897537,0.50019956
12,0.48758066,0.48267597
12,0.4899944,0.50165874
12,0.48844936,0.49850735
12,0.49288455,0.48727587
12,0.49658588,0.50358045
12,0.4814377,0.47798297
12,0.49871224,0.49320507
12,0.48747674,0.48729807
12,0.48494282,0.49712858
12,0.5031356,0.48338717
12,0.50098205,0.48904818
12,0.5008601,0.4894689
12,0.482544,0.49311858
12,0.48143485,0.47426963
12,0.4930498,0.49075407
12,0.4877289,0.5003886
12,0.49280825,0.4885051
12,0.48632252,0.48137406
12,0.48951048,0.48673436
12,0.49370432,0.4913589
12,0.49018803,0.5050554
13,0.4953865,0.49493125
13,0.48827687,0.49494484
13,0.49574617,0.50565654
13,0.4995398,0.47975793
13,0.49997467,0.4813242
13,0.48377028,0.4908831
13,0.48844558,0.51401556
13,0.4834932,0.5088358
13,0.510126,0.48553744
13,0.49088556,0.4899984
13,0.48989874,0.50160056
13,0.4833071,0.48492515
13,0.4901083,0.4988684
13,0.48288924,0.48145372
13,0.48057097,0.5013893
13,0.49373376,0.47532997
13,0.48695347,0.49271777
13,0.49590474,0.49277878
13,0.48850068,0.48985717
13,0.5038583,0.4840303
13,0.4922707,0.49109837
13,0.4908682,0.49272215
13,0.49127352,0.48950157
13,0.48941576,0.49669585
13,0.4883392,0.49945644
13,0.4961717,0.48312023
13,0.47083282,0.4923064
13,0.48674715,0.5058722
13,0.49492806,0.4945561
13,0.48132622,0.48571488
13,0.48931888,0.48885405
13,0.48560327,0.50359464
13,0.4846921,0.475788
13,0.48774922,0.4861274
13,0.4896021,0.48718938
13,0.4911695,0.48512432
13,0.49460158,0.48923707
13,0.48302016,0.49651876
13,0.48380697,0.4879067
13,0.4833926,0.48446092
13,0.50191194,0.48628634
13,0.5019921,0.48841083
13,0.49450982,0.4887229
13,0.4850237,0.4826255
13,0.4945154,0.48785278
13,0.49187562,0.4783795
13,0.49134347,0.4816165
13,0.49025804,0.49332175
13,0.48345032,0.48785123
13,0.490204,0.48524708
13,0.50340366,0.49580997
13,0.48513103,0.4924927
13,0.49021798,0.49220505
13,0.49168146,0.47961143
13,0.49485505,0.48736414
13,0.4862022,0.48027053
13,0.49857354,0.4973352
13,0.48256695,0.49132985
13,0.46595854,0.5018143
13,0.49795392,0.47911695
13,0.5010169,0.50012934
13,0.51865494,0.49340224
13,0.48419103,0.492431
13,0.4852292,0.49461174
13,0.48298195,0.49061254
13,0.48420286,0.5009561
13,0.48568207,0.4947734
13,0.48869985,0.47825974
13,0.48476702,0.4841758
13,0.4913705,0.49315256
13,0.48758104,0.48562014
13,0.49239218,0.48807663
13,0.4873607,0.50023556
13,0.49220857,0.48843217
13,0.4961092,0.48557362
13,0.5008189,0.4943377
13,0.48657036,0.49056733
13,0.4972216,0.48877335
13,0.48914325,0.49461773
13,0.48909578,0.48404896
13,0.49632823,0.48097897
13,0.4823564,0.49117282
13,0.48459595,0.4873353
13,0.4857545,0.49991554
13,0.50085485,0.48372695
13,0.50064564,0.49185094
13,0.49461222,0.49510628
13,0.50176543,0.50710434
13,0.48456466,0.48449665
13,0.48419046,0.48606184
13,0.494238,0.48370138
13,0.4867169,0.4870935
13,0.4898048,0.48646516
13,0.47927555,0.4945675
13,0.47019944,0.48326066
13,0.48238918,0.4898464
13,0.48371992,0.4793685
13,0.4912511,0.49151975
13,0.49894845,0.47233033
13,0.49146405,0.50368327
14,0.505353,0.48243964
14,0.4884439,0.50391257
14,0.5019745,0.4977754
14,0.4859619,0.48945665
14,0.49090472,0.49584445
14,0.4828494,0.488524
14,0.48626712,0.48702347
14,0.4888319,0.49273688
14,0.48957324,0.48883563
14,0.48951888,0.4924128
14,0.49558643,0.48509067
14,0.48388797,0.48811758
14,0.4819883,0.49049956
14,0.49702683,0.48214927
14,0.49488944,0.48906198
14,0.4949497,0.47982967
14,0.47838345,0.48972455
14,0.49952742,0.50120735
14,0.48359495,0.48086253
14,0.49663308,0.4810837
14,0.4880465,0.49628112
14,0.48878494,0.4892153
14,0.4905828,0.4993155
14,0.4934907,0.4822077
14,0.48949024,0.48364952
14,0.49428955,0.4777808
14,0.47956136,0.4923654
14,0.49288288,0.48412338
14,0.4795795,0.49959692
14,0.4852958,0.49118263
14,0.5042827,0.48363864
14,0.4825214,0.4956643
14,0.4932831,0.48303157
14,0.47760212,0.4886207
14,0.4867288,0.49753815
14,0.49145114,0.50098807
14,0.4881516,0.49515244
14,0.4979783,0.48594943
14,0.4962172,0.49086535
14,0.4930946,0.47752923
14,0.47776905,0.48983115
14,0.48960698,0.48327407
14,0.49590966,0.48674223
14,0.49408868,0.49724746
14,0.4847552,0.49243748
14,0.48419473,0.4881223
14,0.49506167,0.48630774
14,0.48320213,0.48711273
14,0.4873028,0.48865318
14,0.48864597,0.48599687
14,0.48942044,0.48035923
14,0.494223,0.49267685
14,0.48702818,0.4811348
14,0.48567218,0.47598588
14,0.48566526,0.48735672
14,0.48255828,0.48916337
14,0.48414084,0.49256817
14,0.49190915,0.4891154
14,0.48534217,0.4952737
14,0.4987401,0.48468602
14,0.49334285,0.48352593
14,0.49555442,0.4869946
14,0.49062145,0.49385595
14,0.48412865,0.4740772
14,0.49260378,0.494495
14,0.49019045,0.48367804
14,0.48760638,0.48392928
14,0.50317425,0.49757674
14,0.4973684,0.50098836
14,0.4869349,0.49172395
14,0.48070034,0.50118923
14,0.49343935,0.49315992
14,0.5008383,0.5044593
14,0.48810196,0.48408592
14,0.49052894,0.494682
14,0.49027428,0.47566172
14,0.4831879,0.4855062
14,0.48493016,0.47896498
14,0.49077612,0.48924622
14,0.48221254,0.48021635
14,0.49288693,0.47705787
14,0.49209738,0.4927084
14,0.4955811,0.48228243
14,0.49617842,0.49750638
14,0.49631304,0.4869489
14,0.49130905,0.51071
14,0.4784631,0.48774216
14,0.49935296,0.5169065
14,0.48587257,0.47572026
14,0.4954112,0.48861778
14,0.50252193,0.49315295
14,0.4906347,0.48353598
14,0.4856164,0.4876693
14,0.4948127,0.48981872
14,0.4824004,0.48452094
14,0.48886293,0.48681128
14,0.4762689,0.48614886
14,0.49665797,0.47250077
14,0.5039677,0.49669006
14,0.49473363,0.49683747
15,0.48619747,0.50129443
15,0.4834038,0.49233738
15,0.48861557,0.4887275
15,0.48045796,0.49129042
15,0.49538857,0.47906741
15,0.5001761,0.49828908
15,0.4830621,0.48805237
15,0.4963277,0.5031431
15,0.47749397,0.50351936
15,0.48891106,0.49543694
15,0.48687902,0.48232698
15,0.4914165,0.49914008
15,0.49109313,0.48609442
15,0.47767934,0.4997841
15,0.48553163,0.49921465
15,0.4852604,0.49559003
15,0.4957297,0.49992293
15,0.4853382,0.48103756
15,0.503252,0.4827673
15,0.49546716,0.4757961
15,0.493882,0.4838794
15,0.4923455,0.48472327
15,0.49938568,0.5009223
15,0.49740133,0.47320503
15,0.5011742,0.494417
15,0.49939138,0.5066074
15,0.48226476,0.47853354
15,0.48870832,0.4847949
15,0.49795857,0.48328397
15,0.50717515,0.49631822
15,0.4997584,0.48838565
15,0.48229367,0.4975426
15,0.49484947,0.50115407
15,0.48568723,0.48808163
15,0.47453955,0.4760047
15,0.48485643,0.4864622
15,0.4919386,0.4839399
15,0.5001851,0.5000659
15,0.49105012,0.49347723
15,0.49429318,0.4871347
15,0.5058314,0.48037353
15,0.48651132,0.49639636
15,0.4940115,0.48495206
15,0.5160052,0.4841194
15,0.48255768,0.5013536
15,0.4882536,0.48678085
15,0.4879104,0.48661423
15,0.4849115,0.4886835
15,0.47756526,0.4879727
15,0.48984793,0.5169845
15,0.4996245,0.4866494
15,0.5012212,0.49383268
15,0.48765376,0.487855
15,0.49283528,0.49022955
15,0.49369398,0.49137595
15,0.4834587,0.48392895
15,0.49017197,0.49900076
15,0.48711222,0.48929587
15,0.49269396,0.48599467
15,0.47632426,0.48980096
15,0.49232218,0.4851898
15,0.4949206,0.49999642
15,0.4835839,0.49719864
15,0.4783911,0.480913
15,0.4811727,0.4902458
15,0.49792162,0.469319
15,0.49415442,0.48194656
15,0.4889584,0.4767063
15,0.47586757,0.4994651
15,0.4775366,0.48316935
15,0.4926647,0.490533
15,0.47429702,0.49932647
15,0.48282462,0.4802768
15,0.4932112,0.48080376
15,0.4969451,0.49117157
15,0.4820926,0.50525135
15,0.5137273,0.49205598
15,0.50098705,0.495011
15,0.496287,0.4845119
15,0.5003594,0.4931562
15,0.48092264,0.5067025
15,0.4979083,0.48443434
15,0.4930489,0.4742932
15,0.48717713,0.49738902
15,0.506593,0.51079875
15,0.49347582,0.48425385
15,0.4875784,0.4831331
15,0.47981504,0.49975976
15,0.49841267,0.48608485
15,0.48998052,0.48227942
15,0.48933014,0.48281592
15,0.48900864,0.4812228
15,0.4917613,0.49275306
15,0.4781069,0.50651675
15,0.49325076,0.48326007
15,0.4983069,0.47361496
15,0.4956975,0.49656776
15,0.4992438,0.49120834
15,0.48235068,0.47718114
15,0.48087797,0.49735987
16,0.49693155,0.4966825
16,0.5062853,0.48955655
16,0.5032901,0.4859485
16,0.4916775,0.5012233
16,0.48676622,0.49183986
16,0.48390916,0.47695068
16,0.5004821,0.5007177
16,0.48886824,0.49747276
16,0.4935899,0.49247703
16,0.4862804,0.49654874
16,0.49469265,0.49208808
16,0.51040936,0.48476294
16,0.4902825,0.4837506
16,0.4940327,0.48012275
16,0.49477378,0.47573948
16,0.50148976,0.48837975
16,0.49208388,0.47606137
16,0.47376668,0.48280966
16,0.49016288,0.4892285
16,0.49091923,0.49255604
16,0.49485677,0.4930212
16,0.4841418,0.49508843
16,0.4901483,0.48213923
16,0.48302197,0.4832217
16,0.49057662,0.4828468
16,0.486927,0.49342707
16,0.48718208,0.49391547
16,0.4760965,0.48031038
16,0.48483384,0.49286613
16,0.49958313,0.48449942
16,0.50257176,0.48045018
16,0.48782128,0.49368313
16,0.4719268,0.49924764
16,0.48081157,0.4803775
16,0.47376925,0.49343792
16,0.4792997,0.486616
16,0.49414262,0.48723873
16,0.4877688,0.4864255
16,0.493348,0.49709526
16,0.4771741,0.48516664
16,0.4787361,0.5037354
16,0.4947549,0.49447367
16,0.50267404,0.4726817
16,0.4811347,0.4800017
16,0.49156538,0.49372873
16,0.47325414,0.49211368
16,0.48019427,0.48227912
16,0.48546362,0.4915362
16,0.4885091,0.50037336
16,0.4969468,0.48190513
16,0.47818285,0.48326614
16,0.48480833,0.48180273
16,0.5015115,0.48332942
16,0.49893937,0.4964122
16,0.47049072,0.48305956
16,0.4907079,0.48292315
16,0.47929928,0.48502222
16,0.49205565,0.4974493
16,0.48500782,0.4738763
16,0.48652962,0.48893112
16,0.48317316,0.4974403
16,0.4969975,0.47628614
16,0.49429157,0.485091
16,0.4934388,0.49529168
16,0.49696696,0.5025654
16,0.4898838,0.48070192
16,0.48113763,0.48949128
16,0.48161736,0.4842334
16,0.48328012,0.48200616
16,0.48705825,0.5030571
16,0.49391568,0.4960126
16,0.48924536,0.48725176
16,0.48532948,0.48831418
16,0.4790281,0.51254064
16,0.48257753,0.4861433
16,0.50461185,0.47660646
16,0.49347883,0.4805932
16,0.5038088,0.49337703
16,0.50239134,0.48683202
16,0.4865899,0.4921983
16,0.49874285,0.48997712
16,0.49602425,0.48940873
16,0.49068347,0.4870093
16,0.49277565,0.48485836
16,0.4900566,0.49414295
16,0.4852913,0.48747933
16,0.48813933,0.4953697
16,0.5008524,0.49053943
16,0.48731506,0.49022985
16,0.48814625,0.48639378
16,0.49374136,0.49847966
16,0.49484158,0.48043132
16,0.49504727,0.50140744
16,0.48670536,0.47922316
16,0.47984123,0.4845949
16,0.49025568,0.5107339
16,0.4916057,0.48605672
16,0.49051282,0.4908216
16,0.4829433,0.49515358
16,0.47910944,0.49881607
17,0.47318557,0.49925783
17,0.49718198,0.4959207
17,0.49090758,0.49055597
17,0.49409753,0.48352122
17,0.48105705,0.4912954
17,0.49616313,0.48796076
17,0.48708126,0.4779891
17,0.49476376,0.48687288
17,0.48775968,0.4883849
17,0.47438958,0.48823565
17,0.4959849,0.49307352
17,0.49395952,0.49480757
17,0.5058185,0.50542134
17,0.48661077,0.47523853
17,0.49137557,0.48405564
17,0.49380505,0.48489955
17,0.49526274,0.49375167
17,0.48708332,0.4819078
17,0.4880062,0.4951328
17,0.49191415,0.48254085
17,0.4804063,0.49638134
17,0.48906526,0.48338273
17,0.4969283,0.48939925
17,0.49411872,0.50667673
17,0.4864389,0.475509
17,0.4860145,0.50604784
17,0.475372,0.4977412
17,0.4861025,0.4972186
17,0.48739943,0.48976564
17,0.4913925,0.49282512
17,0.47736642,0.4866957
17,0.5007573,0.48520696
17,0.5031476,0.49205473
17,0.48788327,0.49352336
17,0.50555277,0.4976275
17,0.49010372,0.48661727
17,0.4860957,0.48616216
17,0.48420948,0.48410386
17,0.48933896,0.48352093
17,0.4951081,0.4849552
17,0.48363137,0.4934127
17,0.4877873,0.4900084
17,0.49928042,0.48728135
17,0.4981828,0.49234933
17,0.49513432,0.491794
17,0.49424368,0.48620325
17,0.48699585,0.5004539
17,0.4938824,0.49480647
17,0.49165118,0.48564517
17,0.4975519,0.4933908
17,0.4792767,0.49825063
17,0.4891061,0.4991103
17,0.4853602,0.5002794
17,0.50116146,0.49657807
17,0.49203473,0.49440378
17,0.48961347,0.50498
17,0.49260774,0.48331812
17,0.49497178,0.477872
17,0.4934766,0.48919046
17,0.49152607,0.49911642
17,0.48340616,0.49019834
17,0.49027434,0.49727163
17,0.49795237,0.4798021
17,0.473701,0.48543227
17,0.49529895,0.49421757
17,0.4954361,0.48527637
17,0.49234134,0.48983458
17,0.4882362,0.4959932
17,0.490908,0.4827639
17,0.49039412,0.50298196
17,0.48206672,0.48776862
17,0.49815062,0.4928863
17,0.49533853,0.4973839
17,0.48555216,0.49096635
17,0.5017289,0.47797424
17,0.4934743,0.48558983
17,0.501879,0.49857804
17,0.4872182,0.50160253
17,0.4826763,0.50327945
17,0.49320856,0.47711366
17,0.49547613,0.48881453
17,0.4953898,0.49663776
17,0.49215847,0.49892375
17,0.476539,0.48453876
17,0.49526367,0.48696402
17,0.48421764,0.48672098
17,0.48724702,0.4862444
17,0.48951942,0.49855
17,0.4818798,0.4788064
17,0.48331538,0.4883897
17,0.48268312,0.4964188
17,0.48540327,0.49193138
17,0.49030018,0.49702114
17,0.48690015,0.4885477
17,0.49195367,0.49091297
17,0.49748954,0.49873957
17,0.48640567,0.4874757
17,0.5070436,0.48327574
17,0.49824393,0.488396
17,0.4980417,0.49831071
18,0.48138925,0.4927643
18,0.49399886,0.49469772
18,0.4882978,0.50023246
18,0.48795006,0.48493525
18,0.4815666,0.48577055
18,0.4812186,0.49202096
18,0.4842239,0.49432057
18,0.48136067,0.4867294
18,0.49852514,0.4816778
18,0.50324374,0.49967077
18,0.49579695,0.47419745
18,0.507721,0.50572
18,0.49359927,0.48220956
18,0.47826007,0.49226788
18,0.50560194,0.4857042
18,0.49337056,0.503219
18,0.49502814,0.47995785
18,0.49798614,0.48760465
18,0.48686865,0.4894703
18,0.49498555,0.48934263
18,0.4879967,0.48782027
18,0.4908303,0.4895984
18,0.48815808,0.48797506
18,0.49317554,0.48345062
18,0.48635355,0.49281436
18,0.497881,0.48510697
18,0.49395266,0.48987508
18,0.4973964,0.487746
18,0.48742503,0.48166403
18,0.48641166,0.5024707
18,0.49198946,0.491358
18,0.49286398,0.48274437
18,0.4905666,0.49375516
18,0.48030648,0.48877755
18,0.48905432,0.4989705
18,0.48013526,0.5028873
18,0.4943546,0.4874057
18,0.4821928,0.49504665
18,0.4937646,0.47768313
18,0.49803016,0.49169725
18,0.4949425,0.48381427
18,0.48457566,0.49099022
18,0.4829993,0.4900056
18,0.4839029,0.49985358
18,0.4862433,0.48671985
18,0.4872832,0.48046818
18,0.48819426,0.49261802
18,0.48947725,0.50490415
18,0.49070036,0.4876476
18,0.4840789,0.4923206
18,0.5104173,0.5043807
18,0.49465588,0.49127498
18,0.47466534,0.4778647
18,0.49885604,0.49464965
18,0.48273215,0.48934004
18,0.5014629,0.48578265
18,0.49767166,0.49189886
18,0.4719232,0.5044896
18,0.4917033,0.49218622
18,0.4873289,0.48466364
18,0.48837307,0.49713543
18,0.4821614,0.4878539
18,0.48399332,0.487867
18,0.50670326,0.4929761
18,0.5017947,0.4909473
18,0.47433683,0.47411525
18,0.48731214,0.4845082
18,0.48704135,0.48957095
18,0.48413143,0.47840008
18,0.50650746,0.48493537
18,0.46878073,0.49434984
18,0.49407285,0.48567736
18,0.4992185,0.47789755
18,0.49698094,0.47445443
18,0.48329785,0.4949548
18,0.49724394,0.4965157
18,0.47417587,0.47502503
18,0.4824943,0.48451287
18,0.4965142,0.4949672
18,0.50496984,0.49812403
18,0.49182758,0.47679952
18,0.483127,0.4899971
18,0.48831075,0.49859732
18,0.4831368,0.49936262
18,0.49189034,0.49464253
18,0.4922322,0.49601573
18,0.49280438,0.48000866
18,0.4979158,0.49833825
18,0.47356346,0.495243
18,0.4923773,0.48507297
18,0.49130267,0.48532963
18,0.4957347,0.48754707
18,0.5002357,0.5062259
18,0.48261243,0.49611437
18,0.4808024,0.48508218
18,0.49392676,0.492796
18,0.4871278,0.5056313
18,0.5075581,0.48639023
18,0.48167893,0.4910797
18,0.4828849,0.47711834
19,0.4725883,0.48406753
19,0.49909893,0.48752138
19,0.49570557,0.49126866
19,0.5027811,0.49771392
19,0.4947603,0.48556855
19,0.48644665,0.48032904
19,0.48287058,0.5009587
19,0.4957077,0.48893097
19,0.47782007,0.48730668
19,0.49361297,0.500796
19,0.50057894,0.49258572
19,0.4881206,0.47852653
19,0.497214,0.4925465
19,0.4817769,0.5004116
19,0.4871452,0.49131724
19,0.49381885,0.48970118
19,0.49769205,0.4876931
19,0.48564523,0.49336264
19,0.48432666,0.49088913
19,0.48759434,0.4912577
19,0.48211393,0.48453036
19,0.4955463,0.4889225
19,0.49312788,0.49595988
19,0.48621863,0.49737045
19,0.48030463,0.48842987
19,0.4973694,0.4921738
19,0.4929763,0.4942004
19,0.49093536,0.49295506
19,0.4773113,0.49865595
19,0.5015022,0.4867854
19,0.48505247,0.49267238
19,0.48650056,0.5012723
19,0.4904868,0.49692762
19,0.49646756,0.47315606
19,0.49976578,0.48748142
19,0.4848706,0.48931277
19,0.4975622,0.48408297
19,0.49766442,0.48483688
19,0.49387786,0.4899898
19,0.50234145,0.48758835
19,0.4906617,0.48241854
19,0.48636413,0.48543715
19,0.49273825,0.49130818
19,0.50619084,0.47922906
19,0.49482906,0.49091896
19,0.48975676,0.5047637
19,0.4797292,0.5004023
19,0.48431093,0.48975492
19,0.48860565,0.49722996
19,0.49117973,0.485056
19,0.4799671,0.49075896
19,0.4914746,0.4889701
19,0.47918192,0.49087197
19,0.49313065,0.48968384
19,0.48946056,0.495675
19,0.48166844,0.496676
19,0.50233656,0.48948362
19,0.48460963,0.49598283
19,0.4893233,0.49102232
19,0.4966561,0.498055
19,0.48706505,0.49021363
19,0.49115792,0.48859307
19,0.48739988,0.49039444
19,0.48352823,0.47610587
19,0.4864656,0.4899328
19,0.4873358,0.4873772
19,0.4906299,0.5002317
19,0.49263534,0.4875424
19,0.49558085,0.4825194
19,0.49617502,0.48590037
19,0.49534354,0.48956105
19,0.4851772,0.48722887
19,0.49141628,0.47997186
19,0.49595886,0.48629296
19,0.48481178,0.4862445
19,0.50173724,0.48701566
19,0.4921973,0.5068396
19,0.4835272,0.49665198
19,0.4866469,0.48569158
19,0.4992963,0.49986908
19,0.4720039,0.48298094
19,0.50300086,0.48120603
19,0.48010656,0.48900062
19,0.48759246,0.48908526
19,0.49118865,0.49534518
19,0.4906841,0.47774416
19,0.4912462,0.4892171
19,0.48934332,0.48712108
19,0.49045134,0.48880047
19,0.4945738,0.49038792
19,0.505851,0.48697275
19,0.49541473,0.47974396
19,0.4797797,0.49898657
19,0.47965118,0.50259066
19,0.5060919,0.48999345
19,0.5030177,0.4878311
19,0.4766115,0.4872743
19,0.49261534,0.47936523
19,0.5038818,0.4854563
19,0.5055146,0.48300192
20,0.48849845,0.47897667
20,0.49151075,0.4965589
20,0.4879138,0.4939986
20,0.49693483,0.4897052
20,0.4871145,0.49718925
20,0.49442968,0.49302363
20,0.47804797,0.48673767
20,0.4990052,0.49118495
20,0.4864253,0.4834687
20,0.48915926,0.4925757
20,0.4875446,0.49365717
20,0.48184553,0.4894372
20,0.48024842,0.48439807
20,0.4893975,0.47533345
20,0.48399603,0.4913507
20,0.49867716,0.476198
20,0.5017541,0.48136166
20,0.49814433,0.4848943
20,0.48008534,0.47548112
20,0.4978515,0.48863178
20,0.48672196,0.49054718
20,0.50143707,0.4981889
20,0.49711132,0.5067578
20,0.48278996,0.49229717
20,0.49231756,0.482976
20,0.48813114,0.48894703
20,0.4900436,0.49468055
20,0.48185033,0.4831437
20,0.49447605,0.49501318
20,0.50316775,0.49255013
20,0.4925703,0.4820067
20,0.49011555,0.48507622
20,0.5051266,0.49456546
20,0.47837517,0.4989037
20,0.49266946,0.50169224
20,0.49948695,0.49127993
20,0.48123974,0.50867563
20,0.48712832,0.5012559
20,0.47913855,0.48479658
20,0.4854819,0.4981189
20,0.49472377,0.49514794
20,0.5006424,0.4768009
20,0.4845295,0.4943963
20,0.4959761,0.4979783
20,0.5006163,0.49621853
20,0.48699918,0.47724888
20,0.48329693,0.50593835
20,0.4842714,0.48348767
20,0.48506048,0.5005219
20,0.499363,0.48831967
20,0.4949162,0.48741534
20,0.49457395,0.48305804
20,0.48439273,0.4929112
20,0.48400593,0.49156922
20,0.49478164,0.4847916
20,0.499783,0.48433483
20,0.48067582,0.49378783
20,0.5025559,0.4863081
20,0.49458644,0.47677758
20,0.4841314,0.49601468
20,0.4836159,0.49148223
20,0.49799258,0.49255326
20,0.48633316,0.47654548
20,0.49315062,0.48783338
20,0.47524562,0.48179784
20,0.48611838,0.49680632
20,0.4954273,0.49482465
20,0.4913991,0.47991472
20,0.5034286,0.48663202
20,0.4973823,0.4915814
20,0.48543784,0.4750205
20,0.49074054,0.48341396
20,0.4883072,0.48603967
20,0.49114817,0.48984304
20,0.48902482,0.48749566
20,0.4970985,0.48612878
20,0.49630472,0.5005064
20,0.49562263,0.49100175
20,0.49124998,0.48083016
20,0.4854025,0.48937148
20,0.48806322,0.5032923
20,0.49272558,0.48986793
20,0.48907608,0.492535
20,0.4886386,0.485981
20,0.48036078,0.47962698
20,0.47866416,0.48364615
20,0.49063888,0.49725923
20,0.48230168,0.49119487
20,0.49107248,0.4983872
20,0.48181093,0.49314272
20,0.49808428,0.4924493
20,0.47994325,0.47090057
20,0.48480862,0.5008244
20,0.49325258,0.4902935
20,0.48468754,0.48215592
20,0.49218544,0.49785748
20,0.50501573,0.49141496
20,0.48410997,0.49446356
20,0.49040577,0.4887997
20,0.4987046,0.49597818
21,0.5004976,0.5029468
21,0.4764429,0.49956265
21,0.49698648,0.50794387
21,0.48779356,0.49359852
21,0.48864216,0.47558203
21,0.5000674,0.48854613
21,0.481714,0.49623844
21,0.49473175,0.49512118
21,0.492294,0.48731238
21,0.48536915,0.49511832
21,0.48385328,0.4805175
21,0.49165684,0.49290824
21,0.49530593,0.48738763
21,0.48156434,0.4890719
21,0.48155943,0.49551767
21,0.497365,0.47519448
21,0.4910985,0.48387346
21,0.4922674,0.48857346
21,0.48494396,0.47434393
21,0.5049145,0.48561174
21,0.48489594,0.49335554
21,0.48742837,0.4861998
21,0.48912975,0.48078206
21,0.49149668,0.4920018
21,0.48498198,0.48631573
21,0.47907737,0.4889651
21,0.48274827,0.51322955
21,0.49414837,0.49248123
21,0.48718798,0.5000429
21,0.5037451,0.47489718
21,0.47909057,0.4904533
21,0.500938,0.49532717
21,0.5003335,0.47971532
21,0.48751324,0.47891474
21,0.47809523,0.5039022
21,0.49018666,0.48466665
21,0.48939818,0.4896309
21,0.47662976,0.4927562
21,0.48635083,0.48893446
21,0.50391024,0.4861598
21,0.4978096,0.49891996
21,0.4930179,0.49499837
21,0.49522594,0.48754743
21,0.4971939,0.5013163
21,0.5029949,0.48033595
21,0.48017058,0.5035297
21,0.49478292,0.49376902
21,0.48231298,0.488487
21,0.49339777,0.481399
21,0.4922905,0.5027371
21,0.50195235,0.48572233
21,0.49707842,0.49043277
21,0.47661424,0.48251095
21,0.4893574,0.48028684
21,0.48891783,0.49566346
21,0.48777035,0.50525784
21,0.49668396,0.48605198
21,0.49056098,0.47912058
21,0.5056751,0.50385034
21,0.4770868,0.49153122
21,0.49176833,0.48627427
21,0.48601383,0.48854038
21,0.49571732,0.4839748
21,0.4871246,0.49873477
21,0.48434752,0.4971044
21,0.47834775,0.48946851
21,0.5033292,0.5039167
21,0.49525544,0.49181318
21,0.49965844,0.48001385
21,0.48463136,0.48714137
21,0.48041663,0.48651862
21,0.48530832,0.5032107
21,0.4919377,0.50592035
21,0.48707715,0.4989776
21,0.497209,0.49657995
21,0.49274725,0.4872559
21,0.49018607,0.4841197
21,0.4895113,0.5072581
21,0.49075574,0.47616547
21,0.474712,0.48492286
21,0.50535023,0.48862058
21,0.47943026,0.4959901
21,0.48755056,0.4910561
21,0.48538134,0.4939475
21,0.4909175,0.48251373
21,0.5020646,0.49319297
21,0.5019632,0.48409653
21,0.5005568,0.49483028
21,0.49583262,0.4900204
21,0.48908287,0.4992163
21,0.4876734,0.4689711
21,0.5014585,0.5076064
21,0.48777193,0.49235818
21,0.48727366,0.48995128
21,0.48844102,0.48219132
21,0.4905697,0.4780485
21,0.4981035,0.49129766
21,0.49262553,0.47657454
21,0.49978042,0.4918242
21,0.4904189,0.49376678
22,0.49366722,0.48146686
22,0.4944938,0.4919119
22,0.4987571,0.4918286
22,0.4826231,0.49319616
22,0.4983299,0.49136716
22,0.4802729,0.4920541
22,0.48975363,0.49796796
22,0.50324196,0.4836226
22,0.49256235,0.49188012
22,0.4877536,0.49453607
22,0.49031895,0.49504548
22,0.48437423,0.49551058
22,0.4993661,0.4948676
22,0.49345076,0.50201935
22,0.49589217,0.49990663
22,0.49155658,0.49138924
22,0.4843907,0.4824342
22,0.4758555,0.48503366
22,0.48858115,0.4770684
22,0.48485568,0.49461898
22,0.4849846,0.49871588
22,0.4887109,0.5020776
22,0.48896933,0.48862815
22,0.5023812,0.49403825
22,0.49841452,0.50115347
22,0.49821493,0.49245328
22,0.4999233,0.5114808
22,0.479471,0.47790673
22,0.48367447,0.48764476
22,0.49737513,0.4923166
22,0.46572518,0.48736855
22,0.48323604,0.49575716
22,0.49524477,0.4850679
22,0.48199463,0.4986985
22,0.48551494,0.48838332
22,0.49021155,0.489269
22,0.50499105,0.49142316
22,0.4801322,0.4882084
22,0.49036658,0.5035198
22,0.4868982,0.47664398
22,0.5057655,0.49286038
22,0.49172825,0.492111
22,0.47463083,0.4976176
22,0.47922614,0.494935
22,0.49399453,0.48566726
22,0.49240193,0.49871397
22,0.4808193,0.50004995
22,0.48914236,0.48839825
22,0.48552594,0.48590222
22,0.48071352,0.50189626
22,0.49167868,0.48568955
22,0.4990238,0.49202204
22,0.48587686,0.50320786
22,0.50036055,0.4878899
22,0.4972781,0.48866266
22,0.50612396,0.4822308
22,0.4893815,0.4937613
22,0.49553928,0.47838256
22,0.506762,0.4785531
22,0.50661266,0.4967699
22,0.48292354,0.5022488
22,0.4814467,0.4948788
22,0.47997305,0.48487827
22,0.47975343,0.48665568
22,0.49040768,0.4977
22,0.490782,0.4912856
22,0.5025023,0.48996782
22,0.49021795,0.4844868
22,0.5014064,0.49246615
22,0.4846459,0.48435816
22,0.50927806,0.49846855
22,0.4798814,0.48402813
22,0.4898224,0.48089978
22,0.49656028,0.49159268
22,0.49604186,0.49043778
22,0.48801547,0.49118698
22,0.49536997,0.50615644
22,0.4812407,0.49087244
22,0.4995273,0.48085684
22,0.48476288,0.48385486
22,0.49027,0.49516296
22,0.49970987,0.49956384
22,0.48208284,0.4844151
22,0.49932396,0.49190554
22,0.4935352,0.48419857
22,0.47599003,0.4799059
22,0.5117852,0.4973664
22,0.48661077,0.4829431
22,0.47842968,0.5075415
22,0.4733447,0.50504416
22,0.50757194,0.50040156
22,0.482172,0.49853423
22,0.48637828,0.48419607
22,0.48603338,0.47422165
22,0.4916582,0.4844097
22,0.47489238,0.49802193
22,0.49354002,0.48532847
22,0.49101147,0.49920788
22,0.48727825,0.49831188
22,0.4998622,0.5072978
23,0.49777964,0.48546714
23,0.4846093,0.4978521
23,0.5081443,0.48610154
23,0.48461127,0.4870187
23,0.49572843,0.48397872
23,0.4885042,0.48387766
23,0.48697028,0.4723333
23,0.4853143,0.48711511
23,0.50078386,0.48749188
23,0.48511565,0.4920136
23,0.48690718,0.4939271
23,0.49766946,0.48265502
23,0.49326533,0.49083543
23,0.4973414,0.47639504
23,0.49413684,0.48409456
23,0.48520574,0.4825571
23,0.49994546,0.49262506
23,0.5025149,0.49332562
23,0.49472538,0.4898647
23,0.4872122,0.49780145
23,0.49660444,0.48536783
23,0.4851567,0.49847397
23,0.46251798,0.4851613
23,0.49386737,0.49303067
23,0.49592623,0.5057067
23,0.48708948,0.4924841
23,0.4795128,0.49393582
23,0.48489267,0.49598765
23,0.48145503,0.48980138
23,0.4979478,0.4892728
23,0.48797327,0.480308
23,0.48931903,0.4807884
23,0.49153298,0.48805144
23,0.48194963,0.47300395
23,0.49334097,0.48390448
23,0.5000657,0.48500767
23,0.485119,0.50121653
23,0.49482808,0.50125504
23,0.49797717,0.49402228
23,0.4970412,0.48784208
23,0.4892144,0.48351145
23,0.49243525,0.49397388
23,0.47624266,0.49596664
23,0.47556067,0.5026318
23,0.492122,0.49481523
23,0.49296853,0.49539226
23,0.48765495,0.48350325
23,0.50429136,0.5043732
23,0.496861,0.49286434
23,0.4829958,0.48574248
23,0.48766643,0.49341533
23,0.4828794,0.4863149
23,0.48625597,0.4866326
23,0.49283284,0.49138767
23,0.49112606,0.49090376
23,0.48986614,0.48329183
23,0.49462938,0.49057537
23,0.49245015,0.48223075
23,0.49323422,0.48957533
23,0.47992855,0.48577803
23,0.4879626,0.49222082
23,0.47963575,0.48853087
23,0.5007988,0.48514506
23,0.49439755,0.49529803
23,0.49135777,0.49618074
23,0.48608708,0.4891407
23,0.48217285,0.49030602
23,0.48310706,0.49470547
23,0.49681354,0.4836887
23,0.48420343,0.48553878
23,0.4974546,0.4761517
23,0.48847848,0.49790448
23,0.48873305,0.49186373
23,0.4942358,0.49047968
23,0.488544,0.49951583
23,0.48305702,0.48837388
23,0.4918842,0.49112564
23,0.49701855,0.48649004
23,0.49513203,0.48393524
23,0.4904563,0.4791334
23,0.50308335,0.4808339
23,0.4960926,0.48852146
23,0.5068659,0.48937634
23,0.50716174,0.49657118
23,0.4914311,0.48588857
23,0.4908602,0.48997575
23,0.48540077,0.48199964
23,0.5009559,0.47829488
23,0.48863578,0.48702776
23,0.4959748,0.48921904
23,0.4822396,0.4866438
23,0.484101,0.48774973
23,0.4963393,0.47549638
23,0.5036609,0.4931116
23,0.4934254,0.49128348
23,0.4871476,0.5038586
23,0.49587125,0.51380867
23,0.48992434,0.4864086
23,0.48259395,0.4800036
23,0.4906431,0.4984867
24,0.49292362,0.47835082
24,0.49802378,0.4984397
24,0.5030947,0.5192491
24,0.49413154,0.4850451
24,0.4906605,0.4914832
24,0.49921885,0.49653244
24,0.47888923,0.49984014
24,0.48775762,0.47590375
24,0.48305306,0.5014153
24,0.48094207,0.49589616
24,0.48867944,0.48205024
24,0.5045071,0.5033627
24,0.5000295,0.49609986
24,0.50579256,0.4987117
24,0.48566288,0.47316656
24,0.49333033,0.4905634
24,0.5062601,0.50867426
24,0.48446888,0.4824391
24,0.48160705,0.47438914
24,0.4816516,0.48283574
24,0.5033326,0.48608
24,0.47036615,0.49582344
24,0.49455744,0.49098653
24,0.48354143,0.49610046
24,0.4857032,0.4874748
24,0.48249096,0.48602277
24,0.50568426,0.4972515
24,0.48384294,0.47499302
24,0.49134943,0.48233405
24,0.48952368,0.48521674
24,0.49019584,0.49458715
24,0.4794532,0.48609987
24,0.48874,0.49228647
24,0.49499807,0.49541932
24,0.48004097,0.4849097
24,0.48700207,0.5011728
24,0.49144325,0.5021046
24,0.4882682,0.49046847
24,0.478998,0.4927042
24,0.48966083,0.48257154
24,0.49700215,0.48609862
24,0.4869958,0.5037949
24,0.49135602,0.49061093
24,0.49327934,0.48504892
24,0.485158,0.49278253
24,0.49767333,0.48303336
24,0.5026446,0.48545125
24,0.47765484,0.47120103
24,0.49805647,0.50622624
24,0.4977929,0.4845194
24,0.48025197,0.49805078
24,0.49187714,0.48808658
24,0.49608994,0.49334952
24,0.49830568,0.48975217
24,0.48641917,0.4911427
24,0.48553333,0.49240556
24,0.4904621,0.4917631
24,0.48934442,0.49416116
24,0.49748182,0.48450765
24,0.47912267,0.5026813
24,0.5077283,0.49106926
24,0.48598173,0.49033487
24,0.49910578,0.4794175
24,0.47466764,0.4824226
24,0.49453473,0.4836582
24,0.47601923,0.4931412
24,0.49174994,0.48608258
24,0.48711556,0.47967044
24,0.49329853,0.48290542
24,0.4867921,0.48138872
24,0.49722126,0.48289913
24,0.49169073,0.5002972
24,0.48636618,0.4820423
24,0.4851675,0.4912646
24,0.4921321,0.50837857
24,0.49089792,0.48974362
24,0.48364073,0.50062716
24,0.4908067,0.49650574
24,0.49511027,0.495232
24,0.50396013,0.47148007
24,0.4869048,0.5019619
24,0.47719884,0.493166
24,0.48196754,0.4972254
24,0.49594373,0.48980963
24,0.5077167,0.484321
24,0.48704416,0.4837454
24,0.5007985,0.49314547
24,0.48822054,0.50102955
24,0.49446857,0.49542776
24,0.49048927,0.4962878
24,0.4920472,0.49430022
24,0.48393747,0.4981563
24,0.48402762,0.48987427
24,0.48144716,0.48624015
24,0.48411503,0.4885938
24,0.49834335,0.4936226
24,0.50431514,0.48223704
24,0.48862252,0.4950119
24,0.4923817,0.48289266
24,0.4805878,0.4803825
25,0.486276,0.490636
25,0.49247396,0.4815704
25,0.5029482,0.48531526
25,0.48960894,0.48998055
25,0.49329174,0.49977356
25,0.4924326,0.4999888
25,0.49473643,0.48718953
25,0.50002307,0.48369566
25,0.48840556,0.478184
25,0.49740475,0.48994705
25,0.49287325,0.4793817
25,0.47956815,0.50420105
25,0.48510498,0.49324366
25,0.49059752,0.4935406
25,0.49650943,0.4808504
25,0.483163,0.50483006
25,0.4874186,0.48295146
25,0.49342278,0.48996386
25,0.4835466,0.47642714
25,0.49368224,0.4847125
25,0.48791414,0.49753422
25,0.50167286,0.4949539
25,0.48962367,0.49131233
25,0.49169752,0.4857209
25,0.48776865,0.4947896
25,0.4924901,0.49595004
25,0.48971322,0.49144024
25,0.496345,0.49762094
25,0.4879357,0.49347904
25,0.49827415,0.50476587
25,0.49047643,0.48825788
25,0.49272498,0.49379843
25,0.49100733,0.48721936
25,0.49672905,0.49015957
25,0.48682645,0.50828207
25,0.4817778,0.47993007
25,0.4917629,0.5040288
25,0.48539898,0.49294487
25,0.49197122,0.49943563
25,0.4898814,0.48229918
25,0.49055505,0.48425093
25,0.4881927,0.4915889
25,0.49250433,0.4902059
25,0.4918381,0.48466924
25,0.5137174,0.49860775
25,0.49246964,0.4866333
25,0.48547816,0.48851717
25,0.48372972,0.4904614
25,0.50409424,0.4953381
25,0.4965725,0.48355323
25,0.49125764,0.4801591
25,0.49098992,0.4916574
25,0.4886476,0.49454597
25,0.49658233,0.4764057
25,0.5035727,0.50477654
25,0.49399024,0.49094886
25,0.50439686,0.49719155
25,0.4945036,0.5046534
25,0.49518788,0.49537575
25,0.4967903,0.4903674
25,0.48840046,0.482495
25,0.4658735,0.49609664
25,0.49529395,0.49044475
25,0.47953227,0.47950095
25,0.49670184,0.48882595
25,0.48904768,0.48957446
25,0.49166057,0.4858291
25,0.50022846,0.49936804
25,0.49100134,0.49508464
25,0.48869944,0.49157608
25,0.49967876,0.49391636
25,0.48574823,0.49313107
25,0.50510734,0.491352
25,0.47959808,0.5071575
25,0.4931856,0.49260628
25,0.4936222,0.4978431
25,0.49549273,0.47519422
25,0.48420843,0.48206642
25,0.48430648,0.4997835
25,0.4967618,0.5064796
25,0.48518664,0.48770064
25,0.4885397,0.4905072
25,0.4903636,0.4841982
25,0.47922823,0.5028355
25,0.49110213,0.49384493
25,0.4895405,0.4947926
25,0.50364614,0.49646848
25,0.48946744,0.48694786
25,0.48607886,0.490765
25,0.49023384,0.47572562
25,0.49294627,0.4821001
25,0.49474695,0.5018776
25,0.48978382,0.4938822
25,0.49163353,0.49652052
25,0.4813769,0.47991055
25,0.49451393,0.4945483
25,0.4774221,0.47187033
25,0.4840604,0.48251173
25,0.4999194,0.48768097
25,0.49103278,0.48199213
26,0.50035065,0.49308276
26,0.5017388,0.50114495
26,0.5021008,0.49490565
26,0.4877602,0.49051398
26,0.4853651,0.48696396
26,0.49208882,0.49284193
26,0.4723793,0.5009888
26,0.4878046,0.48387817
26,0.49265566,0.5063203
26,0.4987278,0.5062275
26,0.4808601,0.48826662
26,0.48562276,0.4929836
26,0.4906829,0.49235323
26,0.5000869,0.48614562
26,0.48651826,0.49616754
26,0.47446772,0.48347354
26,0.4983941,0.49825
26,0.50612944,0.48724926
26,0.49391013,0.48883906
26,0.4790264,0.49103087
26,0.4993162,0.5040437
26,0.48831943,0.4949134
26,0.5059562,0.49766454
26,0.495817,0.4973605
26,0.5014438,0.4899725
26,0.49879277,0.4951438
26,0.4977166,0.5012868
26,0.4916161,0.48866233
26,0.500561,0.48299095
26,0.5057296,0.49157938
26,0.50500154,0.48896047
26,0.4799473,0.49879816
26,0.49367133,0.4790603
26,0.48206764,0.49611586
26,0.48184997,0.5012149
26,0.48327625,0.48550144
26,0.50551045,0.47690025
26,0.48126173,0.49884844
26,0.49541262,0.48880905
26,0.51215315,0.48677883
26,0.4863253,0.48220107
26,0.49002835,0.48392135
26,0.48402143,0.5029101
26,0.48209372,0.49483153
26,0.48738453,0.48211536
26,0.50920755,0.48741642
26,0.4828195,0.48766086
26,0.47957,0.4821516
26,0.49202055,0.49501166
26,0.496381,0.49948192
26,0.490187,0.48720884
26,0.4788088,0.49717942
26,0.50360286,0.49446023
26,0.5036254,0.501838
26,0.4880077,0.4945526
26,0.4877456,0.4841581
26,0.4843367,0.49493355
26,0.49170747,0.4812451
26,0.49960676,0.49976546
26,0.49850586,0.4882562
26,0.48233366,0.48797238
26,0.50014836,0.50579447
26,0.481433,0.49758017
26,0.505936,0.48097715
26,0.47950926,0.5018533
26,0.4728825,0.4922062
26,0.48891693,0.4949216
26,0.49905652,0.48126572
26,0.4954229,0.51009184
26,0.501608,0.48496613
26,0.47927636,0.4941083
26,0.49709228,0.47715828
26,0.48481855,0.507728
26,0.4842822,0.48135152
26,0.4928695,0.4910173
26,0.49180055,0.4902909
26,0.47734588,0.49484178
26,0.49796063,0.48167324
26,0.4951726,0.4854072
26,0.4821122,0.49157915
26,0.48699728,0.49067622
26,0.49215305,0.4794805
26,0.49890935,0.48150745
26,0.4931165,0.48400167
26,0.48639914,0.48984098
26,0.4781431,0.49276996
26,0.4757796,0.4931116
26,0.49576625,0.47633797
26,0.48461026,0.4912212
26,0.48517954,0.49358487
26,0.4827811,0.4758806
26,0.4882101,0.48520738
26,0.49140745,0.5013037
26,0.4733403,0.5035529
26,0.48245326,0.49541792
26,0.49832445,0.4869608
26,0.4984478,0.50632447
26,0.49633515,0.48872212
26,0.48389125,0.50465393
26,0.4856993,0.48449633
27,0.48732764,0.484599
27,0.5056054,0.49500173
27,0.48248926,0.49073443
27,0.4972742,0.48666254
27,0.47877142,0.5010783
27,0.48833308,0.49255762
27,0.49449754,0.49706924
27,0.4893535,0.49280438
27,0.48545063,0.50304806
27,0.49271694,0.5044718
27,0.48375475,0.48925653
27,0.49373686,0.49987286
27,0.5035042,0.48612776
27,0.47554594,0.49252558
27,0.47979715,0.47304296
27,0.48754695,0.49248874
27,0.4903487,0.47771236
27,0.48980814,0.49585935
27,0.4810187,0.49716938
27,0.49877065,0.490266
27,0.48804027,0.50279063
27,0.49864188,0.47889897
27,0.4835757,0.4853175
27,0.5050524,0.4917745
27,0.48907828,0.49774417
27,0.48881915,0.49754453
27,0.49583173,0.4666603
27,0.4825952,0.49119726
27,0.48377648,0.48776066
27,0.49616063,0.48453388
27,0.4883224,0.49420738
27,0.5076279,0.4864717
27,0.49010086,0.49541983
27,0.49794224,0.5009232
27,0.47690317,0.47964954
27,0.48982546,0.49423486
27,0.49532336,0.48136446
27,0.48026612,0.49869874
27,0.5030448,0.49721152
27,0.49978614,0.4999686
27,0.49478397,0.5026707
27,0.48393813,0.5010056
27,0.49787006,0.49294066
27,0.48925412,0.4809683
27,0.49310124,0.49107698
27,0.49250072,0.4904784
27,0.48500022,0.49633253
27,0.49966624,0.48768446
27,0.50084746,0.48549563
27,0.50538427,0.48835135
27,0.49195638,0.48685575
27,0.4966706,0.48711136
27,0.49040958,0.4974396
27,0.49760514,0.5106034
27,0.48954558,0.4895335
27,0.501882,0.50259614
27,0.48667932,0.5071908
27,0.4829988,0.48277143
27,0.50387657,0.49987936
27,0.500578,0.4782529
27,0.48456815,0.5037438
27,0.47666535,0.47912
27,0.4836558,0.49505556
27,0.49537602,0.49747455
27,0.48679176,0.49720192
27,0.4939991,0.4781071
27,0.4919522,0.49622846
27,0.48634347,0.49189568
27,0.4914643,0.496101
27,0.49492812,0.48980036
27,0.48919922,0.48981658
27,0.48367187,0.4884408
27,0.49214238,0.48831087
27,0.48247647,0.48406547
27,0.49757704,0.48280692
27,0.4865622,0.49192443
27,0.4908924,0.48624378
27,0.49258032,0.48419154
27,0.49100426,0.5042349
27,0.48941907,0.48935458
27,0.47367096,0.49842176
27,0.49276936,0.49439675
27,0.49232832,0.5063708
27,0.4922118,0.48063505
27,0.49089745,0.4887052
27,0.48867333,0.4743063
27,0.51178896,0.4823115
27,0.4898438,0.4908113
27,0.50015646,0.5098002
27,0.5069222,0.48987895
27,0.5103337,0.49809262
27,0.4864199,0.48968753
27,0.5020334,0.49002337
27,0.47851038,0.49066827
27,0.48921147,0.483828
27,0.50994736,0.49392653
27,0.48831326,0.48802203
27,0.4898143,0.47511414
27,0.4941297,0.48976308
27,0.4996381,0.49213326
28,0.48349586,0.49778265
28,0.48649696,0.4915999
28,0.49407515,0.48518917
28,0.4999284,0.4856046
28,0.49590886,0.50194687
28,0.49235806,0.48236653
28,0.47484168,0.49700984
28,0.4898006,0.47998405
28,0.49631032,0.48608488
28,0.4843621,0.4833048
28,0.48373875,0.4903588
28,0.48935246,0.48634967
28,0.4930885,0.49445373
28,0.4807265,0.47310063
28,0.48739707,0.49883708
28,0.49707744,0.49736667
28,0.48885557,0.49850994
28,0.49744016,0.49116668
28,0.48763165,0.4772785
28,0.48787338,0.49044657
28,0.47893298,0.4759575
28,0.48144916,0.49055997
28,0.50271004,0.4860629
28,0.50192106,0.48876736
28,0.49481177,0.48210838
28,0.49737957,0.48123637
28,0.48286244,0.48624837
28,0.48977855,0.4887967
28,0.4863087,0.48855418
28,0.4866128,0.4822916
28,0.49570093,0.49187508
28,0.49362567,0.5048176
28,0.49452057,0.49739927
28,0.4872812,0.4927151
28,0.48490727,0.49616855
28,0.49610773,0.50082994
28,0.49932006,0.4914539
28,0.49709624,0.47813794
28,0.50634366,0.48179385
28,0.4866432,0.4892964
28,0.491237,0.49534744
28,0.5014118,0.47726703
28,0.48458555,0.48843095
28,0.49155557,0.49575227
28,0.4900114,0.48817703
28,0.49474674,0.49642882
28,0.48761898,0.50353813
28,0.4758697,0.49587962
28,0.48871726,0.48540607
28,0.48035604,0.4841749
28,0.48297814,0.49879655
28,0.48551002,0.49247402
28,0.48788977,0.4921272
28,0.49137962,0.49824953
28,0.49562556,0.48121846
28,0.48079187,0.49410826
28,0.48660663,0.48234743
28,0.48842767,0.4993595
28,0.49117222,0.49845296
28,0.47756463,0.49928203
28,0.4931807,0.47175768
28,0.4834515,0.49515468
28,0.4979547,0.48502252
28,0.49835914,0.49588802
28,0.48869273,0.48762944
28,0.48920435,0.4880695
28,0.48087746,0.49488887
28,0.48692173,0.4921897
28,0.4891196,0.5082255
28,0.47795624,0.49395207
28,0.47452095,0.49897787
28,0.486045,0.48691398
28,0.4975773,0.48283514
28,0.496073,0.4944246
28,0.4940235,0.5003479
28,0.49879217,0.50778574
28,0.4774847,0.48899606
28,0.49089813,0.48745725
28,0.48791507,0.4781038
28,0.48578584,0.4849609
28,0.49118227,0.4872334
28,0.49921787,0.49587724
28,0.48031488,0.48491964
28,0.49243572,0.49975684
28,0.48353422,0.49406093
28,0.48904502,0.50258
28,0.4998309,0.48188418
28,0.5037184,0.49427024
28,0.499479,0.4988636
28,0.48194915,0.4771607
28,0.4909309,0.48999918
28,0.48993543,0.5017201
28,0.48745227,0.49105015
28,0.4847787,0.4904058
28,0.4948556,0.49122044
28,0.48175886,0.48646015
28,0.49180067,0.488621
28,0.47935256,0.48970813
28,0.49270007,0.49733967
28,0.4817887,0.4946967
29,0.48388484,0.4886741
29,0.48087972,0.49485108
29,0.48910654,0.48245674
29,0.48892075,0.50337535
29,0.4896624,0.50155157
29,0.49734822,0.49004132
29,0.4740129,0.49328116
29,0.48540947,0.5037929
29,0.48146197,0.49248216
29,0.49415112,0.49308607
29,0.49381006,0.4999523
29,0.4976374,0.47777924
29,0.4882481,0.4855766
29,0.48194695,0.48432788
29,0.50426835,0.4919962
29,0.48822233,0.48816156
29,0.4922964,0.4780256
29,0.4836192,0.50347203
29,0.4860684,0.48729602
29,0.4838833,0.4825712
29,0.4783277,0.48460653
29,0.48800954,0.48655146
29,0.49476972,0.48866746
29,0.4977304,0.5042453
29,0.48314407,0.49557072
29,0.479868,0.48306605
29,0.4942513,0.48004147
29,0.49418,0.5012159
29,0.49894306,0.4865204
29,0.48804188,0.47839344
29,0.4887766,0.4856677
29,0.49706778,0.4933215
29,0.5001219,0.48346388
29,0.484853,0.48655108
29,0.5029674,0.50355047
29,0.47966287,0.494877
29,0.47580877,0.498061
29,0.5061685,0.4948992
29,0.5051629,0.4979029
29,0.49295676,0.48493513
29,0.50325376,0.48416024
29,0.4868574,0.4905849
29,0.48474386,0.49996087
29,0.50160897,0.49081197
29,0.5035639,0.49352843
29,0.50294775,0.49210736
29,0.49072254,0.48487967
29,0.4975492,0.49443075
29,0.4983091,0.49055806
29,0.49421775,0.48950458
29,0.4910235,0.4864144
29,0.492492,0.48641807
29,0.48142865,0.48377556
29,0.5040923,0.48279324
29,0.48136166,0.48494872
29,0.4952682,0.49252656
29,0.4907496,0.49408507
29,0.49289998,0.50722
29,0.47852147,0.49159053
29,0.4771161,0.48129997
29,0.4853326,0.49000722
29,0.48511472,0.4852697
29,0.4994955,0.4861581
29,0.4880944,0.5077158
29,0.48284605,0.48398444
29,0.4913434,0.50176257
29,0.49714532,0.49906838
29,0.51257384,0.48819628
29,0.48895478,0.47897917
29,0.48328295,0.49420834
29,0.49340048,0.48670468
29,0.47590715,0.4847911
29,0.47914284,0.48052078
29,0.4993835,0.4859994
29,0.48280755,0.48993206
29,0.48524916,0.48721904
29,0.48455256,0.47800142
29,0.49863678,0.49118158
29,0.4998348,0.50336635
29,0.48726204,0.4906698
29,0.49001566,0.49748465
29,0.48276642,0.49391073
29,0.48695895,0.48891217
29,0.48489016,0.49883044
29,0.4884824,0.49278447
29,0.49066865,0.48238826
29,0.49517438,0.49647233
29,0.4941864,0.48893422
29,0.47618392,0.47711352
29,0.4863441,0.5029706
29,0.49213982,0.4807046
29,0.49371445,0.4827107
29,0.48899704,0.49127418
29,0.48663014,0.49175003
29,0.4933016,0.48682433
29,0.48617858,0.48658112
29,0.48580876,0.4920703
29,0.48090816,0.48019454
29,0.4949102,0.49171424
29,0.49038965,0.4792508
30,0.498666,0.4839419
30,0.49358767,0.49151686
30,0.4775587,0.4881704
30,0.49178126,0.4900792
30,0.48516145,0.49097854
30,0.49075553,0.48528162
30,0.49401167,0.48660663
30,0.49045756,0.49878
30,0.4935786,0.49758875
30,0.4885806,0.48854673
30,0.49259034,0.4950212
30,0.48326397,0.49420428
30,0.49576557,0.50319374
30,0.49837163,0.4895733
30,0.49175096,0.48549855
30,0.48829278,0.4914101
30,0.49467564,0.49239933
30,0.48990914,0.49284306
30,0.48811388,0.5011372
30,0.49835712,0.490187
30,0.48616746,0.49491215
30,0.49215648,0.49361148
30,0.5041779,0.48228192
30,0.49284023,0.4823028
30,0.4979536,0.4863817
30,0.49012643,0.4968593
30,0.49078733,0.4893491
30,0.47339925,0.48366863
30,0.50373167,0.47781155
30,0.4937912,0.48639995
30,0.48867577,0.49217102
30,0.484526,0.47690168
30,0.49140364,0.48695332
30,0.47869527,0.48847383
30,0.49661028,0.49402833
30,0.49148315,0.48443
30,0.49649093,0.496306
30,0.4807468,0.48640513
30,0.49293056,0.49471334
30,0.49279398,0.48414123
30,0.5003442,0.4948848
30,0.4814112,0.48571426
30,0.4784285,0.48159188
30,0.47975728,0.4874661
30,0.48330843,0.48231605
30,0.4888751,0.48717144
30,0.48387554,0.48702642
30,0.5021285,0.48608035
30,0.4984575,0.4908076
30,0.48341948,0.47692308
30,0.49777946,0.48742434
30,0.48807934,0.47679436
30,0.5035248,0.49042416
30,0.49169385,0.5061413
30,0.49216086,0.48583913
30,0.48741716,0.5009861
30,0.4888139,0.47879162
30,0.49811313,0.4766535
30,0.49588823,0.4922009
30,0.4914093,0.48626897
30,0.49260733,0.48143607
30,0.5004491,0.49859026
30,0.4885764,0.49069446
30,0.48828146,0.49017456
30,0.5062595,0.49634138
30,0.47337592,0.48491156
30,0.48009086,0.49588203
30,0.48657975,0.48533565
30,0.49156824,0.48759663
30,0.49383172,0.48657757
30,0.4769163,0.4843787
30,0.4875583,0.47730514
30,0.4793633,0.4887203
30,0.48471794,0.48346403
30,0.48682985,0.49473858
30,0.48480603,0.49730355
30,0.48275054,0.49993616
30,0.49376634,0.4875995
30,0.5026229,0.50335735
30,0.49289536,0.49186268
30,0.5077633,0.50398546
30,0.5002752,0.50150794
30,0.48504326,0.4858163
30,0.47999337,0.4894453
30,0.49240512,0.49221095
30,0.49633482,0.4825245
30,0.5071033,0.4916467
30,0.48927343,0.4863432
30,0.49296156,0.48937735
30,0.5052552,0.48220655
30,0.48971647,0.47925016
30,0.49011245,0.4939141
30,0.4891759,0.4816559
30,0.48938566,0.48090985
30,0.4982728,0.49431875
30,0.49594504,0.48987553
30,0.49251834,0.4868276
30,0.49890688,0.49547714
30,0.49129298,0.4975712
30,0.4895615,0.48009995
